;RMSE;QLIKE
GARCH;52.48509931127592;3.254595967886498e+47
HAR;42.63569312161837;8.050892768160844e+22
RFSV;27.43994141699924;1282694027558880.0
