;RMSE;QLIKE
GARCH;20.058363955828955;7.080412677270587e+27
HAR;23.24375680199543;5.321846189255245e+18
RFSV;24.048610920097605;40750516445409.66
