;RMSE;QLIKE
HAR;21.995174619274717;3.5747764935976813e+22
RFSV;35.943777164639265;1.9676448448435254e+32
