;RMSE;QLIKE
HAR;1.9380494591797757;1.3407963151367177
RFSV;1.4011242989311075;3.850336945870702
