;RMSE;QLIKE
GARCH;2.0247673806182824;1.3699833143874245
HAR;1.2532433861765355;0.8856502599112527
RFSV;0.9953552251793257;0.9577660557943428
