;RMSE;QLIKE
GARCH;1.1905006744898767;4.003910794395425
HAR;0.8877805991516601;2.243764727218151
RFSV;1.2590070369921262;0.7336999525260279
