;RMSE;QLIKE
HAR;0.7352734727325982;0.44462576043493274
RFSV;0.9676546183595374;1.1212668111151867
