;RMSE;QLIKE
GARCH;1.1905006744898767;4.0026857499288
HAR;0.8877805991516687;2.242487855365183
RFSV;0.7064003026056749;1.013202775408278
