;RMSE;QLIKE
GARCH;2.0247673806182824;1.4290747759575768
HAR;1.2532433861765886;1.5772230956321398
RFSV;1.38057263172793;1.116994710896756
