;RMSE;QLIKE
GARCH;2.0247673806182824;1.4290747759575768
HAR;1.2532433861766616;1.577223095632268
RFSV;1.5190096665507618;1.8405441486012943
