;RMSE;QLIKE
GARCH;1.1905006744898767;4.003910794395425
HAR;0.8877805991516687;2.2437647272182186
RFSV;0.7313462040184873;0.7478900981984988
