;RMSE;QLIKE
HAR;1.9380494591799227;1.340796315136862
RFSV;1.2634803859082437;2.8184428289123233
